,HRV_RMSSD,HRV_MeanNN,HRV_SDNN,HRV_SDSD,HRV_CVNN,HRV_CVSD,HRV_MedianNN,HRV_MadNN,HRV_MCVNN,HRV_IQRNN,HRV_pNN50,HRV_pNN20,HRV_TINN,HRV_HTI,HRV_ULF,HRV_VLF,HRV_LF,HRV_HF,HRV_VHF,HRV_LFHF,HRV_LFn,HRV_HFn,HRV_LnHF,HRV_SD1,HRV_SD2,HRV_SD1SD2,HRV_S,HRV_CSI,HRV_CVI,HRV_CSI_Modified,HRV_PIP,HRV_IALS,HRV_PSS,HRV_PAS,HRV_GI,HRV_SI,HRV_AI,HRV_PI,HRV_C1d,HRV_C1a,HRV_SD1d,HRV_SD1a,HRV_C2d,HRV_C2a,HRV_SD2d,HRV_SD2a,HRV_Cd,HRV_Ca,HRV_SDNNd,HRV_SDNNa,HRV_ApEn,HRV_SampEn
0,64.45146698593179,1060.020964360587,83.46613803350266,64.51918927769368,0.07874008235662593,0.06080206821646157,1070.0,88.95599999999999,0.08313644859813082,110.0,40.88050314465409,68.55345911949685,450.0,6.36,,,0.020329746960691703,0.014664142313807454,0.00043324865782730707,1.3863577238710805,0.5738467216721244,0.4139239907502309,-4.22235006351314,45.62195625491558,108.97656971373394,0.4186400468904281,15619.132524900837,2.388686909978617,4.90062701977769,1041.243622278274,0.4612159329140461,0.42533936651583715,0.5904255319148937,0.041666666666666664,49.89833265555103,49.90139321714098,49.89439847586822,50.0,0.49173114853588207,0.5082688514641177,31.991775258814975,32.525293801011316,0.4744808961218345,0.5255191038781656,75.06586596210308,79.00005388562649,0.47705332993951405,0.5229466700604859,57.699037759961605,60.410691316910096,1.2081711475590398,1.689328285580722
