,ECG_Rate_Mean,HRV_RMSSD,HRV_MeanNN,HRV_SDNN,HRV_SDSD,HRV_CVNN,HRV_CVSD,HRV_MedianNN,HRV_MadNN,HRV_MCVNN,HRV_pNN50,HRV_pNN20,HRV_TINN,HRV_HTI,HRV_ULF,HRV_VLF,HRV_LF,HRV_HF,HRV_VHF,HRV_LFHF,HRV_LFn,HRV_HFn,HRV_LnHF,HRV_SD1,HRV_SD2,HRV_SD2SD1,HRV_CSI,HRV_CVI,HRV_CSI_Modified,HRV_SampEn
0,96.78690255257156,13.838457188248746,1239.8497827436374,46.10821057494876,13.83988637385371,0.03718854591635841,0.011161398244250135,1240.0,32.6172,0.026304193548387093,0.8276432857438444,3.1243534036830125,529.0,13.168937329700272,170.9128648056232,212.79745649949825,73.75785747496963,16.405322383327498,0.7027433514481088,4.4959712312589915,0.1554183512711814,0.034568359821924424,2.797605817748626,9.786277505803257,16.950329857019668,1.732050807568877,1.732050807568877,3.4239156634645096,117.43533006963905,0.46302347932153737
